{
  "test_year": 2024,
  "n_train": 120,
  "n_test": 60,
  "mae": 399.45227813720703,
  "mape": 0.15351167317677705,
  "r2": 0.9515520930290222,
  "cross_validation": {
    "n_splits": 5,
    "mae_mean": 267.13431981404625,
    "mae_std": 45.74967783851803,
    "mape_mean": 0.42143912507172276,
    "mape_std": 0.2576998464940887,
    "r2_mean": 0.9660300612449646,
    "r2_std": 0.014152839581799964
  },
  "residual_quantiles": {
    "p10": -213.11518554687498,
    "p25": -62.08802795410156,
    "p50": 127.4261474609375,
    "p75": 598.5802001953125,
    "p90": 970.9597412109376
  },
  "residual_quantiles_by_route": {
    "SIN": {
      "p10": -469.42021484375,
      "p25": -266.665771484375,
      "p50": -160.353759765625,
      "p75": 169.7801513671875,
      "p90": 355.38852539062503
    },
    "HND": {
      "p10": 639.9986328125,
      "p25": 825.2648010253906,
      "p50": 997.9051513671875,
      "p75": 1118.7396545410156,
      "p90": 1154.5869995117187
    },
    "MEL": {
      "p10": -383.14453125,
      "p25": -144.4801025390625,
      "p50": -44.127197265625,
      "p75": 284.325439453125,
      "p90": 482.95078125000003
    },
    "AKL": {
      "p10": 35.2499267578125,
      "p25": 117.43341064453125,
      "p50": 310.0037841796875,
      "p75": 674.93603515625,
      "p90": 809.4215820312501
    },
    "DAD": {
      "p10": -56.69407653808594,
      "p25": -19.56195831298828,
      "p50": 33.16633605957031,
      "p75": 95.4504165649414,
      "p90": 169.48527679443362
    }
  },
  "feature_importances": {
    "distance_km": 0.5569539666175842,
    "gdp_usd": 0.02393512986600399,
    "gdp_growth_pct": 0.00571593688800931,
    "population": 0.37949323654174805,
    "tourism_arrivals_baseline": 0.005419532302767038,
    "competitor_count": 0.0,
    "competitor_avg_fare_usd": 0.0013008348178118467,
    "avg_fare_usd": 0.008680318482220173,
    "month_sin": 0.014642789028584957,
    "month_cos": 0.0038582682609558105
  },
  "feature_ranges": {
    "distance_km": {
      "min": 705.6,
      "max": 7817.8
    },
    "gdp_usd": {
      "min": 249509991440.438,
      "max": 4262463317796.53
    },
    "gdp_growth_pct": {
      "min": 0.941998775483285,
      "max": 8.53750046755788
    },
    "population": {
      "min": 5081700.0,
      "max": 125124989.0
    },
    "tourism_arrivals_baseline": {
      "min": 3888000.0,
      "max": 31881000.0
    },
    "competitor_count": {
      "min": 0.0,
      "max": 3.0
    },
    "competitor_avg_fare_usd": {
      "min": 0.0,
      "max": 747.0166666666668
    },
    "avg_fare_usd": {
      "min": 117.54,
      "max": 558.61
    },
    "month_sin": {
      "min": -1.0,
      "max": 1.0
    },
    "month_cos": {
      "min": -1.0,
      "max": 1.0
    }
  },
  "train_year_min": 2022,
  "train_year_max": 2023,
  "n_bootstrap": 30
}