{
  "test_year": 2024,
  "n_train": 120,
  "n_test": 60,
  "mae": 174.43165690104166,
  "mape": 0.03658466972884965,
  "r2": 0.9839358329772949
}