{
  "test_year": 2024,
  "n_train": 120,
  "n_test": 60,
  "mae": 399.45227813720703,
  "mape": 0.15351167317677705,
  "r2": 0.9515520930290222,
  "cross_validation": {
    "n_splits": 5,
    "mae_mean": 267.13431981404625,
    "mae_std": 45.74967783851803,
    "mape_mean": 0.42143912507172276,
    "mape_std": 0.2576998464940887,
    "r2_mean": 0.9660300612449646,
    "r2_std": 0.014152839581799964
  },
  "residual_quantiles": {
    "p10": -213.11518554687498,
    "p25": -62.08802795410156,
    "p50": 127.4261474609375,
    "p75": 598.5802001953125,
    "p90": 970.9597412109376
  }
}